resource_id,status,checked_at,notes
res_21adf84c6a847e,unverified,,source-preserved
res_8a1457ead3e90c,unverified,,source-preserved
res_3fb6637600a03b,unverified,,source-preserved
res_8fd6b5efee64b0,unverified,,source-preserved
res_df0684e8c8b7f5,unverified,,source-preserved
res_59ee420204765a,unverified,,source-preserved
res_416aa25e0f5ba2,unverified,,source-preserved
res_f3f4174c7f73ac,unverified,,source-preserved
res_198ab279a6b5e9,unverified,,source-preserved
res_d9bf301d55be40,unverified,,source-preserved
res_5fe83bf402f10b,unverified,,source-preserved
res_2abea67ab7827d,unverified,,source-preserved
res_ed401f0984ab37,unverified,,source-preserved
res_8877386f46f009,unverified,,source-preserved
res_6c51475fcb487a,unverified,,source-preserved
res_ac7ce2aa3ad6bb,unverified,,source-preserved
res_9dceaee248d25b,unverified,,source-preserved
res_6546eaef2cc41a,unverified,,source-preserved
res_2062c069a3c50f,unverified,,source-preserved
res_ca86b3c3b576ef,unverified,,source-preserved
res_5ce56813c1ea99,unverified,,source-preserved
res_02cc15d279765b,unverified,,source-preserved
res_943119e6400941,unverified,,source-preserved
res_df21036c45dc04,unverified,,source-preserved
res_95e648306e24c1,unverified,,source-preserved
res_68532a733a1edd,unverified,,source-preserved
res_9fe3976e234a45,unverified,,source-preserved
res_03447fe9f71127,unverified,,source-preserved
res_ccfef458283c2e,unverified,,source-preserved
res_65800483db6fc1,unverified,,source-preserved
res_7492302ba1dca1,unverified,,source-preserved
res_9832012b5e7c3e,unverified,,source-preserved
res_0ed54f6f9ec27a,unverified,,source-preserved
res_c15504f23ca691,unverified,,source-preserved
res_a0ca2b89689974,unverified,,source-preserved
res_60ae65d248177c,unverified,,source-preserved
res_07a8c1c4641258,unverified,,source-preserved
res_3ecf0425dacc87,unverified,,source-preserved
res_7892a22f98445c,unverified,,source-preserved
res_c06ffaac201031,unverified,,source-preserved
res_b1f2492293855b,unverified,,source-preserved
res_089216cdb7d231,unverified,,source-preserved
res_cf856eac2280ed,unverified,,source-preserved
res_573ed61a54c86e,unverified,,source-preserved
res_135435456af0d0,unverified,,source-preserved
res_ddb3de5ce898f3,unverified,,source-preserved
res_304b7502059330,unverified,,source-preserved
res_8a802a3ed9f13f,unverified,,source-preserved
res_5ef79eed8f5cf5,unverified,,source-preserved
res_01a979033124f7,unverified,,source-preserved
res_f1cfc25b3a2899,unverified,,source-preserved
res_e40c74619d48e1,unverified,,source-preserved
res_61278299ac9d25,unverified,,source-preserved
res_3df2d184ac49cb,unverified,,source-preserved
res_6d424dfea0fff3,unverified,,source-preserved
res_59a9c600565ec4,unverified,,source-preserved
res_2a4d7602325632,unverified,,source-preserved
res_b68019b00bac07,unverified,,source-preserved
res_1a75f24ecdfd78,unverified,,source-preserved
res_41535c46b0dfbd,unverified,,source-preserved
res_737bd6d06fd45d,unverified,,source-preserved
res_53e5ee5c8e66a4,unverified,,source-preserved
res_2e2085d8cef737,unverified,,source-preserved
res_2307e9e12b4e36,unverified,,source-preserved
res_2557b7974db2fe,unverified,,source-preserved
res_7b5d3eb9f4b6d7,unverified,,source-preserved
res_b980d1975b9f21,unverified,,source-preserved
res_b8494f9b57dd58,unverified,,source-preserved
res_37ca799d69d22b,unverified,,source-preserved
res_9eeb037f9d6477,unverified,,source-preserved
res_12ac68ee61e5f8,unverified,,source-preserved
res_f1f17f38bfb21e,unverified,,source-preserved
res_1d87412ab58af4,unverified,,source-preserved
res_2e611397334445,unverified,,source-preserved
res_908b64e6599d80,unverified,,source-preserved
res_fb2b13ca4c9608,unverified,,source-preserved
res_537369f123103a,unverified,,source-preserved
res_f182513ea82d19,unverified,,source-preserved
res_2479fcb1e6a4cb,unverified,,source-preserved
res_0b487018da1095,unverified,,source-preserved
res_779938fa317f24,unverified,,source-preserved
res_e5b17c08b3e18c,unverified,,source-preserved
res_3b71ad16b26a3d,unverified,,source-preserved
res_3375d34edd64e0,unverified,,source-preserved
res_b68fac7322c8f1,unverified,,source-preserved
res_cc64fd89346cb9,unverified,,source-preserved
res_da0c98ebf27e16,unverified,,source-preserved
res_7bd734a5ca2cdb,unverified,,source-preserved
res_0a2880acaca57e,unverified,,source-preserved
res_4fd02c56a1d9f2,unverified,,source-preserved
res_882c31263af54d,unverified,,source-preserved
res_b3c987655a9041,unverified,,source-preserved
res_96f8457651ab3a,unverified,,source-preserved
res_aa2a67542e11b9,unverified,,source-preserved
res_715ce0dd2e870a,unverified,,source-preserved
res_7ddd7e0024100c,unverified,,source-preserved
res_bed6d909e9b63d,unverified,,source-preserved
res_a89cfee1e29eea,unverified,,source-preserved
res_5975ec29fcac0b,unverified,,source-preserved
res_0d271c29fd59f1,unverified,,source-preserved
res_3395f5b960dd71,unverified,,source-preserved
res_cd9b9083dfedab,unverified,,source-preserved
res_c738d874b84542,unverified,,source-preserved
res_93b802ae724e62,unverified,,source-preserved
res_79c46d89c5fc02,unverified,,source-preserved
res_66a751c5723118,unverified,,source-preserved
res_2023ac7bc15400,unverified,,source-preserved
res_fea9567285ca05,unverified,,source-preserved
res_9969ecdbc06eb4,unverified,,source-preserved
res_fe223cae92c886,unverified,,source-preserved
res_23a6f9f20b3ff7,unverified,,source-preserved
res_f7757f5b1910fb,unverified,,source-preserved
res_1a624f62419453,unverified,,source-preserved
res_e06ed43489d245,unverified,,source-preserved
res_5af267dfc99c7c,unverified,,source-preserved
res_61bd93ea8710ac,unverified,,source-preserved
res_1181f71abf8390,unverified,,source-preserved
res_76e6ca8bb190cf,unverified,,source-preserved
res_a3a9351ab5534b,unverified,,source-preserved
res_8cb747eb4522b5,unverified,,source-preserved
res_5e99d9561cf677,unverified,,source-preserved
res_d4200a3c62d19c,unverified,,source-preserved
res_621e35b511fea4,unverified,,source-preserved
res_294f2b4290512b,unverified,,source-preserved
res_d21cf25cecfff1,unverified,,source-preserved
res_2ccdbe3348c0c6,unverified,,source-preserved
res_f2ace07ca1875a,unverified,,source-preserved
res_c68ea8ddfc97aa,unverified,,source-preserved
res_e355230851fd44,unverified,,source-preserved
res_fe729aa0365976,unverified,,source-preserved
res_0c8decb9c64af5,unverified,,source-preserved
res_336cad83e18147,unverified,,source-preserved
res_dcf5fbd2fdffab,unverified,,source-preserved
res_fc505e5e73f5ef,unverified,,source-preserved
res_71f448018724f3,unverified,,source-preserved
res_1890a28ba078f2,unverified,,source-preserved
res_542ece065885f6,unverified,,source-preserved
res_04bf3b67aa2709,unverified,,source-preserved
res_0c138f027ba7ce,unverified,,source-preserved
res_743341d83ffea2,unverified,,source-preserved
res_7ec993cd08bf78,unverified,,source-preserved
res_05ad1a286c1963,unverified,,source-preserved
res_1aa2dc0c5faca2,unverified,,source-preserved
res_9c66968abb5949,unverified,,source-preserved
res_7ca5c227247d77,unverified,,source-preserved
res_679a8a18926029,unverified,,source-preserved
res_d69a60d9673c01,unverified,,source-preserved
res_1f1af1b0e64011,unverified,,source-preserved
res_7122f360bd242d,unverified,,source-preserved
res_9236083ff10d28,unverified,,source-preserved
res_64bd8d37854ff5,unverified,,source-preserved
res_aaf32e64f85130,unverified,,source-preserved
res_b3f9ecf0370c43,unverified,,source-preserved
res_ceeff698695865,unverified,,source-preserved
res_23d1e47a5aad02,unverified,,source-preserved
res_0e73263d183f91,unverified,,source-preserved
res_ca50ca5f620a1b,unverified,,source-preserved
res_ee2068c0d72d62,unverified,,source-preserved
res_2cacbcc27beebd,unverified,,source-preserved
res_5bf224b8bf02e8,unverified,,source-preserved
res_b5cc7670530a96,unverified,,source-preserved
res_5f0e8025d80f05,unverified,,source-preserved
res_5e4763df0b5f84,unverified,,source-preserved
res_9944931715db56,unverified,,source-preserved
res_202719fe9e714d,unverified,,source-preserved
res_cab4ee14d62e28,unverified,,source-preserved
res_7927b9719fce91,unverified,,source-preserved
res_6bef237131ad83,unverified,,source-preserved
res_41e06ff882b3ed,unverified,,source-preserved
res_dec13c707fc0f6,unverified,,source-preserved
res_dc875cc2e1d18f,unverified,,source-preserved
res_dce8dd8238a976,unverified,,source-preserved
res_c3d43b8dcee9e4,unverified,,source-preserved
res_99fb2b37664778,unverified,,source-preserved
res_f1c1240f99bba9,unverified,,source-preserved
res_bb7241716bfe37,unverified,,source-preserved
res_e030bea136969a,unverified,,source-preserved
res_c3a537e23bb8c2,unverified,,source-preserved
res_d9d44c587bae06,unverified,,source-preserved
res_0fca422154aaa8,unverified,,source-preserved
res_f1341697d986a7,unverified,,source-preserved
res_ac75f8669965a4,unverified,,source-preserved
res_fde80ec68cfc89,unverified,,source-preserved
res_c79c3e92cf3c94,unverified,,source-preserved
res_1d472ee55ff5af,unverified,,source-preserved
res_fa80bb54b1b468,unverified,,source-preserved
res_ed1a2d7d51ff08,unverified,,source-preserved
res_bda13a6201a6e7,unverified,,source-preserved
res_2c96d37740176b,unverified,,source-preserved
res_81285c62255770,unverified,,source-preserved
res_98acc7246c7bf2,unverified,,source-preserved
res_e0bf0c8ab9582f,unverified,,source-preserved
res_4786a0484ff737,unverified,,source-preserved
res_b2f83762b65bbc,unverified,,source-preserved
res_40ac87ffe0c02d,unverified,,source-preserved
res_55b98b3ffc37e3,unverified,,source-preserved
res_c8d043e839f61f,unverified,,source-preserved
res_6f68e83bf4deba,unverified,,source-preserved
res_ad42edc0d49a29,unverified,,source-preserved
res_f89d2ecdbbb98b,unverified,,source-preserved
res_c7fcaca5d6235c,unverified,,source-preserved
res_2277d74e4e539c,unverified,,source-preserved
res_f5bf57a119ffbe,unverified,,source-preserved
res_fe887f811e48a3,unverified,,source-preserved
res_c886ee22b95464,unverified,,source-preserved
res_87813751b6ff18,unverified,,source-preserved
res_ebbafa5c1bb16e,unverified,,source-preserved
res_1d1c3df4e5d72f,unverified,,source-preserved
res_057a812ef4ab68,unverified,,source-preserved
res_8a7c9354d27c98,unverified,,source-preserved
res_bb37acf4eba4b9,unverified,,source-preserved
res_b7e35eb0fd2e9d,unverified,,source-preserved
res_030dfa026d3486,unverified,,source-preserved
res_0a9300a476a092,unverified,,source-preserved
res_bb2ac2564939c4,unverified,,source-preserved
res_87ddcac32d8458,unverified,,source-preserved
res_a4f17cd78e2bbc,unverified,,source-preserved
res_8414426cdab2a1,unverified,,source-preserved
res_fdbb128453a61a,unverified,,source-preserved
res_873300f5a21d44,unverified,,source-preserved
res_184eba48546599,unverified,,source-preserved
res_a4d81e484b611e,unverified,,source-preserved
res_262c5d28eecd22,unverified,,source-preserved
res_9e4894607d07a7,unverified,,source-preserved
res_3bca4ad3e33af3,unverified,,source-preserved
res_0af704a6c5a22d,unverified,,source-preserved
res_c253497a5222b1,unverified,,source-preserved
res_522af062af6a28,unverified,,source-preserved
res_9f84bde49fdb4d,unverified,,source-preserved
res_1d772f16c53acb,unverified,,source-preserved
res_699b0adb916118,unverified,,source-preserved
res_69a90acd92aff6,unverified,,source-preserved
res_388291649a8d43,unverified,,source-preserved
res_97a19d59ef517f,unverified,,source-preserved
res_b8489fa1fb9ea8,unverified,,source-preserved
res_0e6e08af46a1dd,unverified,,source-preserved
res_6c94ffc7ccdb42,unverified,,source-preserved
res_c1645a723a089a,unverified,,source-preserved
res_d2c763f8ebb4ce,unverified,,source-preserved
res_5d75f89d733a22,unverified,,source-preserved
res_84f79517ec685c,unverified,,source-preserved
res_68dad9e7bafe00,unverified,,source-preserved
res_b72c64e41e9ee5,unverified,,source-preserved
res_d4162c2d702d7c,unverified,,source-preserved
res_cbd6df6eed19b6,unverified,,source-preserved
res_79af58d3cff63c,unverified,,source-preserved
res_85ae9e45d323a6,unverified,,source-preserved
res_2e95f923087072,unverified,,source-preserved
res_fe5faeb1e1016d,unverified,,source-preserved
res_3d2e6d39279eb4,unverified,,source-preserved
res_8028ce9e22e07e,unverified,,source-preserved
res_bc3f6bcff80cd7,unverified,,source-preserved
res_27d12b90d1f9fd,unverified,,source-preserved
res_40ea51a65cae27,unverified,,source-preserved
res_c00918acfd7bd5,unverified,,source-preserved
res_a09835fc0ea55a,unverified,,source-preserved
res_cffd74c79e706b,unverified,,source-preserved
res_97f6f4abe1a2c9,unverified,,source-preserved
res_7a4890d95d91a8,unverified,,source-preserved
res_ce9f83dfeb93ee,unverified,,source-preserved
res_9e450b0be61cf8,unverified,,source-preserved
res_fa1acbc31358e5,unverified,,source-preserved
res_48fb450d979417,unverified,,source-preserved
res_5d74f578884dac,unverified,,source-preserved
res_bac49772ab1196,unverified,,source-preserved
res_19136de2710907,unverified,,source-preserved
res_e65920a8e3791f,unverified,,source-preserved
res_341f9af6af15b2,unverified,,source-preserved
res_a0af9de34196c4,unverified,,source-preserved
res_443e38dbe12672,unverified,,source-preserved
res_b8093aa77f7791,unverified,,source-preserved
res_f04f029f7ef737,unverified,,source-preserved
res_2fa90e3895c13a,unverified,,source-preserved
res_bc97f624dbea03,unverified,,source-preserved
res_ea049c3f0d3f4d,unverified,,source-preserved
res_7b053b4c7bcbd0,unverified,,source-preserved
res_a2052e7b46fc49,unverified,,source-preserved
res_82ae4500677cc4,unverified,,source-preserved
res_59ce9ea3224151,unverified,,source-preserved
res_25c54319f6e092,unverified,,source-preserved
res_411ca2439b044a,unverified,,source-preserved
res_ca8cc82dafcfbd,unverified,,source-preserved
res_a759ab52c1e175,unverified,,source-preserved
res_0d643587a60ad7,unverified,,source-preserved
res_b013278b17f54f,unverified,,source-preserved
res_358716336a2595,unverified,,source-preserved
res_c1a0d563470703,unverified,,source-preserved
res_9cd2851688a567,unverified,,source-preserved
res_a5f734caa54a8d,unverified,,source-preserved
res_fcd8f27ca0dfee,unverified,,source-preserved
res_3d58eb1ef56e11,unverified,,source-preserved
res_67b4ad081dfbd0,unverified,,source-preserved
res_66ef84a4f64709,unverified,,source-preserved
res_e665a98b8bf763,unverified,,source-preserved
res_7ed70291f6cb45,unverified,,source-preserved
res_bfa28aa44fcdac,unverified,,source-preserved
res_3e8d63f48cf50b,unverified,,source-preserved
res_a5e6a8561a9ab3,unverified,,source-preserved
res_f4a5d6dd25a91d,unverified,,source-preserved
res_585f613d645aeb,unverified,,source-preserved
res_4e91d7a2d804af,unverified,,source-preserved
res_1fd1d9ab4b132e,unverified,,source-preserved
res_1b9ae56f955506,unverified,,source-preserved
res_d3ba376423561c,unverified,,source-preserved
res_893d532d994a0c,unverified,,source-preserved
res_1ed7ce0ea33ab9,unverified,,source-preserved
res_7d6b58f6b03237,unverified,,source-preserved
res_c3fdffa162bd88,unverified,,source-preserved
res_1fd555419e44f8,unverified,,source-preserved
res_f4d16fe9c14932,unverified,,source-preserved
res_c01e9b7522d388,unverified,,source-preserved
res_c6ea810323b961,unverified,,source-preserved
res_2862ff3f8c56e9,unverified,,source-preserved
res_8d541bdf10873c,unverified,,source-preserved
res_b339e608ea2ddc,unverified,,source-preserved
res_6e2e0ed7742377,unverified,,source-preserved
res_d29457e2df5c08,unverified,,source-preserved
res_3f537a39866f53,unverified,,source-preserved
res_4425eacdbcab2d,unverified,,source-preserved
res_684bee70aece3d,unverified,,source-preserved
res_b51f8846f9a699,unverified,,source-preserved
res_40002550010b79,unverified,,source-preserved
res_e21d863d967633,unverified,,source-preserved
res_15805718cafdd7,unverified,,source-preserved
res_c32a67cb2910d4,unverified,,source-preserved
res_998aa86425506d,unverified,,source-preserved
res_82994adf9c2368,unverified,,source-preserved
res_d9ff7e55a59bc5,unverified,,source-preserved
res_fa87aadef31ff4,unverified,,source-preserved
res_82bb8907257a4e,unverified,,source-preserved
res_ef144994014b49,unverified,,source-preserved
res_01d352f7babff9,unverified,,source-preserved
res_51d48da82781f5,unverified,,source-preserved
res_6b21ff2648b32b,unverified,,source-preserved
res_f36ec146908cdf,unverified,,source-preserved
res_58b4e2f105b287,unverified,,source-preserved
res_36e47a1c7d0471,unverified,,source-preserved
res_2bb8e7e2a143bd,unverified,,source-preserved
res_964c8e80ed0365,unverified,,source-preserved
res_617a09b2a58a4a,unverified,,source-preserved
res_78f06c7f0a3abe,unverified,,source-preserved
res_4ae335c54e5465,unverified,,source-preserved
res_f6df3c98360859,unverified,,source-preserved
res_74105dcd9d40aa,unverified,,source-preserved
res_82d2fc8f30f29a,unverified,,source-preserved
res_55a15f38e6dba4,unverified,,source-preserved
res_5ba3853d06104d,unverified,,source-preserved
res_85fc30433446e0,unverified,,source-preserved
res_099bac635be8cd,unverified,,source-preserved
res_c98c9622bbc385,unverified,,source-preserved
res_06afb522a6753d,unverified,,source-preserved
res_1247a255615c00,unverified,,source-preserved
res_47362777b69ebe,unverified,,source-preserved
res_47d227ac648c04,unverified,,source-preserved
res_3f911c15ae65d7,unverified,,source-preserved
res_d239317878d110,unverified,,source-preserved
res_742250ef1af28e,unverified,,source-preserved
res_12ec3e261aec5f,unverified,,source-preserved
res_07b578324bc82c,unverified,,source-preserved
res_6891a89365096a,unverified,,source-preserved
res_dc4a5d862a435d,unverified,,source-preserved
res_b5c13fb522395d,unverified,,source-preserved
res_e644d04216a20d,unverified,,source-preserved
res_2e1ad0bb89bdc7,unverified,,source-preserved
res_94575ba24c78c0,unverified,,source-preserved
res_4f0fb934588d60,unverified,,source-preserved
res_ddb4b19a396717,unverified,,source-preserved
res_17003b1c05e8a2,unverified,,source-preserved
res_4ecb0b75fffb53,unverified,,source-preserved
res_6987f5571de71b,unverified,,source-preserved
res_e92edbea1dc76a,unverified,,source-preserved
res_28fbb2efd84f90,unverified,,source-preserved
res_61bacd509998f8,unverified,,source-preserved
res_fd691f27cc5595,unverified,,source-preserved
res_832ce73e830787,unverified,,source-preserved
res_fba79ec56d58b0,unverified,,source-preserved
res_ba1d2ccc30ad7b,unverified,,source-preserved
res_12d1f61ccea523,unverified,,source-preserved
res_144fb10f6137dd,unverified,,source-preserved
res_599467a946a784,unverified,,source-preserved
res_4e97a38be0ddd6,unverified,,source-preserved
res_03b01e5d808694,unverified,,source-preserved
res_82ec7a5bf2c655,unverified,,source-preserved
res_6b9d0ee1b725eb,unverified,,source-preserved
res_d716bd05fb6a31,unverified,,source-preserved
res_8e5a551be1beb8,unverified,,source-preserved
res_31359ed00b5443,unverified,,source-preserved
res_943ba54f2c5e8a,unverified,,source-preserved
res_9fdf181229417c,unverified,,source-preserved
res_0957ad06adccc1,unverified,,source-preserved
res_f7673593388ef6,unverified,,source-preserved
res_bae6e775e26de0,unverified,,source-preserved
res_963dbf83d2da6b,unverified,,source-preserved
res_cdd99972787474,unverified,,source-preserved
res_035191925a68b3,unverified,,source-preserved
res_1a186a1fb8cf7b,unverified,,source-preserved
res_e56b1d36ac7f57,unverified,,source-preserved
res_02acdbd91ed36b,unverified,,source-preserved
res_0e85b0893c789f,unverified,,source-preserved
res_11b448792b05e1,unverified,,source-preserved
res_26787528036e2e,unverified,,source-preserved
res_f4f1b145c2d64f,unverified,,source-preserved
res_c2bc794cc5a14d,unverified,,source-preserved
res_957a02d86bab47,unverified,,source-preserved
res_f0c8b16e33bed0,unverified,,source-preserved
res_9c9b6fea1e2cc9,unverified,,source-preserved
res_aaa8b41e83c4c6,unverified,,source-preserved
res_0f278ec1c6e335,unverified,,source-preserved
res_5a5917f0427179,unverified,,source-preserved
res_8e2924786b2d3d,unverified,,source-preserved
res_0f561220365f12,unverified,,source-preserved
res_1b446ed5311ae4,unverified,,source-preserved
res_d77c2720f1aafe,unverified,,source-preserved
res_afc71fb19a222a,unverified,,source-preserved
res_88cb51f070ca9b,unverified,,source-preserved
res_f8fe2828ccd591,unverified,,source-preserved
res_4242c9b8ef7345,unverified,,source-preserved
res_feb17238fda8f9,unverified,,source-preserved
res_b75d8da9964cd0,unverified,,source-preserved
res_b5dc10ed3f6147,unverified,,source-preserved
res_d89d2c1cbc4af2,unverified,,source-preserved
res_6bbed2a3d22d45,unverified,,source-preserved
res_d559780a4d3696,unverified,,source-preserved
res_5a02e79cb93ff0,unverified,,source-preserved
res_b6fc8bad4c2213,unverified,,source-preserved
res_b29b95df012711,unverified,,source-preserved
res_f5becbacf44301,unverified,,source-preserved
res_8c1ee5303494b4,unverified,,source-preserved
res_d47207a540bc3c,unverified,,source-preserved
res_0dc8f664ae0838,unverified,,source-preserved
res_c6a5b57d68a691,unverified,,source-preserved
res_48562da4e0c1b1,unverified,,source-preserved
res_937d50e93fa750,unverified,,source-preserved
res_b906f8959f4566,unverified,,source-preserved
res_44c498e24310b1,unverified,,source-preserved
res_e080a8ee978264,unverified,,source-preserved
res_84bdff6a5da461,unverified,,source-preserved
res_87dfea45a259ce,unverified,,source-preserved
res_6d521b4855ea7d,unverified,,source-preserved
res_c95b3796c9edb3,unverified,,source-preserved
res_1379b0fe1877ec,unverified,,source-preserved
res_bb85d1e10f7df7,unverified,,source-preserved
res_8511a24ab3ff9a,unverified,,source-preserved
res_bd6ab2c01959a5,unverified,,source-preserved
res_3b4784953dcfd0,unverified,,source-preserved
res_d7b60183dfb499,unverified,,source-preserved
res_9f469859cbf5b2,unverified,,source-preserved
res_33189dd724b6c7,unverified,,source-preserved
res_f2e1521017fe53,unverified,,source-preserved
res_f3f2aad5dbdfe7,unverified,,source-preserved
res_5fae79cec12294,unverified,,source-preserved
res_9264af7d90dbfa,unverified,,source-preserved
res_8676958a9683eb,unverified,,source-preserved
res_034f2f356ab171,unverified,,source-preserved
res_88a8a9064b5257,unverified,,source-preserved
res_4bef7049dade31,unverified,,source-preserved
res_1819149fa3c805,unverified,,source-preserved
res_0f96e595023984,unverified,,source-preserved
res_70da174058da8a,unverified,,source-preserved
res_9d6e3adb78c2d2,unverified,,source-preserved
res_c45e0f2889ad1c,unverified,,source-preserved
res_fd1d6362ea91bd,unverified,,source-preserved
res_5f5234dd9efac4,unverified,,source-preserved
res_656ce9d2e5d9f6,unverified,,source-preserved
res_909aea413e71a9,unverified,,source-preserved
res_da2145dd4f1147,unverified,,source-preserved
res_9627b696b16110,unverified,,source-preserved
res_847ab481177b83,unverified,,source-preserved
res_693bfc2a38827f,unverified,,source-preserved
res_ba3d89cfb1a429,unverified,,source-preserved
res_261e2eadd96077,unverified,,source-preserved
res_d3ece5f737de1a,unverified,,source-preserved
res_f0433986395d0a,unverified,,source-preserved
res_d13216e05483b3,unverified,,source-preserved
res_4e55f9a70c0c75,unverified,,source-preserved
res_8f66b9172908f3,unverified,,source-preserved
res_576c5b1f34a47f,unverified,,source-preserved
res_654b1e391399e4,unverified,,source-preserved
res_cc5d7821d28fba,unverified,,source-preserved
res_f137e6e5c9efc0,unverified,,source-preserved
res_f9afe88d61c80c,unverified,,source-preserved
res_f22f51263950f6,unverified,,source-preserved
res_2f262627e3effc,unverified,,source-preserved
res_56e9876100a42c,unverified,,source-preserved
res_cde29765cdc4bb,unverified,,source-preserved
res_44917c2146716c,unverified,,source-preserved
res_8a7e330a5669e8,unverified,,source-preserved
res_6c8887c4279ae4,unverified,,source-preserved
res_ba15b690f79890,unverified,,source-preserved
res_d7934c1dd34fe0,unverified,,source-preserved
res_ca0f7d396ac560,unverified,,source-preserved
res_9d2b92c29e4beb,unverified,,source-preserved
res_797f2089905da8,unverified,,source-preserved
res_76c103906c0122,unverified,,source-preserved
res_6fbdfb9fd0d240,unverified,,source-preserved
res_805a40816e08bb,unverified,,source-preserved
res_f4f86f532d1559,unverified,,source-preserved
res_4ed0e6f4bf9b86,unverified,,source-preserved
res_e2d1df3f87a581,unverified,,source-preserved
res_bd4895e77ee66e,unverified,,source-preserved
res_631dac563f5a34,unverified,,source-preserved
res_9faf55e61546a7,unverified,,source-preserved
res_6f22551775c89a,unverified,,source-preserved
res_46c0ec14fbfa31,unverified,,source-preserved
res_e2e6c6021b3a68,unverified,,source-preserved
res_3e2627f68f450e,unverified,,source-preserved
res_4268337d26e2b8,unverified,,source-preserved
res_5262d422bc4397,unverified,,source-preserved
res_3011a843b7e5a1,unverified,,source-preserved
res_27a4c7b77db720,unverified,,source-preserved
res_1e53648c531cb3,unverified,,source-preserved
res_f7367f9ef84fee,unverified,,source-preserved
res_ddfe3ba40db85c,unverified,,source-preserved
res_3cce674b0ff695,unverified,,source-preserved
res_a1c1dc4b4bde01,unverified,,source-preserved
res_c9635737c18159,unverified,,source-preserved
res_98b6047113dc36,unverified,,source-preserved
res_43d50fd4c95c58,unverified,,source-preserved
res_42ee6a298cc7e4,unverified,,source-preserved
res_aae89ec1ff914b,unverified,,source-preserved
res_68cb309c571bb1,unverified,,source-preserved
res_ff74192e6e6e26,unverified,,source-preserved
res_28d98f41a1eb55,unverified,,source-preserved
res_3e39ee866c3441,unverified,,source-preserved
res_30f5ae537e8edd,unverified,,source-preserved
res_5f90215e84dd3b,unverified,,source-preserved
res_92101fdaf7b536,unverified,,source-preserved
res_61a734ad6ced24,unverified,,source-preserved
res_fff9b44452a6c3,unverified,,source-preserved
res_06a82deaab8392,unverified,,source-preserved
res_ca9f15bbf2e35d,unverified,,source-preserved
res_d499a8acad8b79,unverified,,source-preserved
res_3ee79a8d3a6d56,unverified,,source-preserved
res_be4457ed207e1a,unverified,,source-preserved
res_64fb14f0278e33,unverified,,source-preserved
res_be02a4e0384a1f,unverified,,source-preserved
res_c163ab2100f45f,unverified,,source-preserved
res_622dcda21ccdab,unverified,,source-preserved
res_4b1120dbd829c2,unverified,,source-preserved
res_c4afa157d54e5b,unverified,,source-preserved
